Model,accuracy,precision,recall,f1,f1_acc_avg,avg_inference_time
Student,0.8382352941176471,0.8610169491525423,0.910394265232975,0.8850174216027874,0.8616263578602172,0.015607898051922139
Teacher,0.8504901960784313,0.8758620689655172,0.910394265232975,0.8927943760984183,0.8716422860884248,0.060126726443950944
