Model,accuracy,precision,recall,f1,inference_time_sec,param_count
Student,0.8121739130434783,0.8392415498763397,0.8875326939843069,0.8627118644067797,11.165449857711792,66955010
Teacher,0.8284057971014492,0.8536990856192851,0.8953792502179599,0.8740425531914894,21.892611980438232,109483778
