Model,accuracy,precision,recall,f1,avg_inference_time
Student,0.91208,0.9099156453923285,0.91472,0.912311497646214,0.004748151917070132
Teacher,0.92372,0.9245010819908632,0.9228,0.923649757777155,0.009540804517017444
